title,season
A Rock and a Farway,0
All Good Things...,0
Ball of Magic Fire,0
Belly of the Beast,0
Best Laid Plans,0
Book 74,0
"Broken Windows, Open Doors",0
Choosing Day,0
Forest for the Trees,0
Fray,0
Heavy Is the Head,0
If a Tree Falls in the Forest…,0
Into The Woods,0
Long Day's Journey Into Night,0
Lullaby,0
Merrily We Go,0
Mouse Trap,0
Of Myths and Monsters,0
"Oh, the Places We'll Go",0
Once Upon a Time…,0
Pas de Deux,0
Revelations: Chapter One,0
Revelations: Chapter Two,0
Scar Tissue,0
Shatter,0
Silhouettes,0
Strangers in a Strange Land,0
Tether,0
The Arrival,0
The Calm Before,0
The Heart Is a Lonely Hunter,0
The Kindness of Strangers,0
The Light of Day,0
The Way Things Are Now,0
There and Back Again,0
These Fragile Lives,0
This Way Gone,0
Thresholds,0
What a Long Strange Trip It's Been,0
When We Go,0
